"代號","名稱","股價日期","成交","漲跌價","漲跌幅","股利發放期別","股利發放頻率","現金股利","股票股利","合計股利","除息價","除息價年化現金殖利率","除權價","除權價年化股票殖利率","除權息年化合計殖利率","除息交易日","除權交易日","現金股利發放日"
"00400A","主動國泰動能高息","04/10","11.14","+0.24","+2.2","","","","","","","","","","","","",""
"00401A","主動摩根台灣鑫收","04/10","10.61","+0.08","+0.76","","","","","","","","","","","","",""
="0050","元大台灣50","04/10","80.75","+1.6","+2.02","26H1","半年","1","0","1","71.85","2.78","","0","2.78","'26/01/22","","'26/02/11"
="0051","元大中型100","04/10","115.45","+0.85","+0.74","2025","年","3","0","3","91.1","3.29","","0","3.29","'25/11/21","","'25/12/12"
="0052","富邦科技","04/10","47.94","+1.04","+2.22","2026","年","1.199","0","1.199","47.94","2.5","","0","2.5","'26/04/20","","'26/05/15"
="0053","元大電子","04/10","182.75","+3.65","+2.04","2025","年","3","0","3","136.6","2.2","","0","2.2","'25/11/21","","'25/12/12"
="0055","元大MSCI金融","04/10","33.1","-0.1","-0.3","2025","年","1.25","0","1.25","30.63","4.08","","0","4.08","'25/11/21","","'25/12/12"
="0056","元大高股息","04/10","39.41","+0.33","+0.84","26Q2","季","1","0","1","39.41","10.1","","0","10.1","'26/04/23","","'26/05/14"
="0057","富邦摩台","04/10","240.45","+5.4","+2.3","2025","年","0","0","0","","0","","0","0","","",""
="0061","元大寶滬深","04/10","23.7","+0.29","+1.24","","無","0","0","0","","","","","","","",""
="006201","元大富櫃50","04/10","37.09","+1.11","+3.09","2025","年","0.77","0","0.77","23.89","3.22","","0","3.22","'25/11/21","","'25/12/12"
="006203","元大MSCI台灣","04/10","147.35","+2.85","+1.97","26H1","半年","1.8","0","1.8","129.8","2.77","","0","2.77","'26/01/22","","'26/02/11"
="006204","永豐臺灣加權","04/10","178.3","+2.25","+1.28","2025","年","3.259","0","3.259","142.1","2.29","","0","2.29","'25/10/23","","'25/11/20"
="006205","富邦上証","04/10","40.08","+0.31","+0.78","","無","0","0","0","","","","","","","",""
="006206","元大上證50","04/10","36.83","+0.2","+0.55","","無","0","0","0","","","","","","","",""
="006207","復華滬深","04/10","31.92","+0.46","+1.46","","無","0","0","0","","","","","","","",""
="006208","富邦台50","04/10","187.3","+3.35","+1.82","25H2","半年","3.448","0","3.448","144.8","4.76","","0","4.76","'25/11/18","","'25/12/11"
"00625K","富邦上証+R","04/10","8.59","0","0","","無","0","0","0","","","","","","","",""
"00631L","元大台灣50正2","04/10","23.7","+0.89","+3.9","","無","0","0","0","","","","","","","",""
"00632R","元大台灣50反1","04/10","13.23","-0.24","-1.78","","無","0","0","0","","","","","","","",""
"00633L","富邦上証正2","04/10","48.26","+1.27","+2.7","","無","0","0","0","","","","","","","",""
"00634R","富邦上証反1","04/10","3.2","-0.06","-1.84","","無","0","0","0","","","","","","","",""
"00635U","期元大S&P黃金","04/10","50.1","+0.33","+0.66","","無","0","0","0","","","","","","","",""
="00636","國泰中國A50","04/10","27.48","+0.33","+1.22","","無","0","0","0","","","","","","","",""
"00636K","國泰中國A50+U","04/10","8.75","+0.16","+1.86","","無","0","0","0","","","","","","","",""
"00637L","元大滬深300正2","04/10","19.93","+0.53","+2.73","","無","0","0","0","","","","","","","",""
"00638R","元大滬深300反1","04/10","6.9","-0.11","-1.57","","無","0","0","0","","","","","","","",""
="00639","富邦深100","04/10","16.32","+0.38","+2.38","","無","0","0","0","","","","","","","",""
"00640L","富邦日本正2","04/10","92.55","+0.05","+0.05","","無","0","0","0","","","","","","","",""
"00641R","富邦日本反1","04/10","4.05","-0.01","-0.25","","無","0","0","0","","","","","","","",""
"00642U","期元大S&P石油","04/10","27.3","-0.12","-0.44","","無","0","0","0","","","","","","","",""
="00643","群益深証中小","04/10","18.56","+0.37","+2.03","","無","0","0","0","","","","","","","",""
"00643K","群益深証中小+R","04/10","3.9","0","0","","無","0","0","0","","","","","","","",""
="00645","富邦日本","04/10","52.8","+0.05","+0.09","","無","0","0","0","","","","","","","",""
="00646","元大S&P500","04/10","68.15","+0.5","+0.74","2025","年","0","0","0","","0","","0","0","","",""
"00647L","元大S&P500正2","04/10","113.15","+1.55","+1.39","","無","0","0","0","","","","","","","",""
"00648R","元大S&P500反1","04/10","4.39","-0.04","-0.9","","無","0","0","0","","","","","","","",""
"00650L","復華香港正2","04/10","17.57","+0.07","+0.4","","無","0","0","0","","","","","","","",""
"00651R","復華香港反1","04/10","5.22","-0.03","-0.57","","無","0","0","0","","","","","","","",""
="00652","富邦印度","04/10","33.95","+0.16","+0.47","","無","0","0","0","","","","","","","",""
"00653L","富邦印度正2","04/10","47.03","+0.6","+1.29","","無","0","0","0","","","","","","","",""
"00654R","富邦印度反1","04/10","6.79","-0.04","-0.59","","無","0","0","0","","","","","","","",""
"00655L","國泰中國A50正2","04/10","33.65","+0.98","+3","","無","0","0","0","","","","","","","",""
"00656R","國泰中國A50反1","04/10","6.1","-0.11","-1.77","","無","0","0","0","","","","","","","",""
="00657","國泰日經225","04/10","67.05","+1.1","+1.67","","無","0","0","0","","","","","","","",""
"00657K","國泰日經225+U","04/10","21.3","+0.44","+2.11","","無","0","0","0","","","","","","","",""
="00660","元大歐洲50","04/10","43.32","+0.64","+1.5","2025","年","0","0","0","","0","","0","0","","",""
="00661","元大日經225","04/10","73.6","+1.25","+1.73","2025","年","0","0","0","","0","","0","0","","",""
="00662","富邦NASDAQ","04/10","102.6","+1.1","+1.08","","無","0","0","0","","","","","","","",""
"00663L","國泰臺灣加權正2","04/10","68","+2.5","+3.82","","無","0","0","0","","","","","","","",""
"00664R","國泰臺灣加權反1","04/10","2.15","-0.04","-1.83","","無","0","0","0","","","","","","","",""
"00665L","富邦恒生國企正2","04/10","9.84","+0.01","+0.1","","無","0","0","0","","","","","","","",""
"00666R","富邦恒生國企反1","04/10","9.01","-0.09","-0.99","","無","0","0","0","","","","","","","",""
="00668","國泰美國道瓊","04/10","55.85","+0.4","+0.72","","無","0","0","0","","","","","","","",""
"00668K","國泰美國道瓊+U","04/10","17.66","+0.16","+0.91","","無","0","0","0","","","","","","","",""
"00669R","國泰美國道瓊反1","04/10","5.72","-0.05","-0.87","","無","0","0","0","","","","","","","",""
"00670L","富邦NASDAQ正2","04/10","153.35","+2.95","+1.96","","無","0","0","0","","","","","","","",""
"00671R","富邦NASDAQ反1","04/10","2.89","-0.03","-1.03","","無","0","0","0","","","","","","","",""
"00673R","期元大S&P原油反1","04/10","13.64","-0.09","-0.66","","無","0","0","0","","","","","","","",""
"00674R","期元大S&P黃金反1","04/10","5.2","-0.03","-0.57","","無","0","0","0","","","","","","","",""
"00675L","富邦臺灣加權正2","04/10","205.9","+7.15","+3.6","","無","0","0","0","","","","","","","",""
"00676R","富邦臺灣加權反1","04/10","7.29","-0.13","-1.75","","無","0","0","0","","","","","","","",""
="00678","群益那斯達克生技","04/10","36.23","+0.18","+0.5","","無","0","0","0","","","","","","","",""
"00679B","元大美債20年","04/10","27.23","-0.12","-0.44","26Q1","季","0.28","0","0.28","27.84","4.02","","0","4.02","'26/02/26","","'26/03/20"
"00680L","元大美債20正2","04/10","7.1","-0.04","-0.56","","無","0","0","0","","","","","","","",""
"00681R","元大美債20反1","04/10","20.91","+0.04","+0.19","","無","0","0","0","","","","","","","",""
"00682U","期元大美元指數","04/10","20.14","-0.24","-1.18","","無","0","0","0","","","","","","","",""
"00683L","期元大美元指正2","04/10","21.11","0","0","","無","0","0","0","","","","","","","",""
"00684R","期元大美元指反1","04/10","15.35","+0.01","+0.07","","無","0","0","0","","","","","","","",""
"00685L","群益臺灣加權正2","04/10","185.4","+6.55","+3.66","","無","0","0","0","","","","","","","",""
"00686R","群益臺灣加權反1","04/10","1.31","-0.02","-1.5","","無","0","0","0","","","","","","","",""
"00687B","國泰20年美債","04/10","28.29","-0.12","-0.42","26Q1","季","0.28","0","0.28","28.78","3.89","","0","3.89","'26/03/17","","'26/04/14"
"00687C","國泰20年美債+櫃U","04/10","9.41","0","0","","","","","","","","","","","","",""
"00688L","國泰20年美債正2","04/10","7.09","-0.05","-0.7","","無","0","0","0","","","","","","","",""
"00689R","國泰20年美債反1","04/10","21.81","+0.04","+0.18","","無","0","0","0","","","","","","","",""
="00690","兆豐藍籌30","04/10","56.15","+1.25","+2.28","26Q1","季","1.05","0","1.05","55.85","7.52","","0","7.52","'26/02/26","","'26/03/18"
="00692","富邦公司治理","04/10","71.1","+1.2","+1.72","25H2","半年","1.252","0","1.252","55.85","4.48","","0","4.48","'25/11/18","","'25/12/11"
"00693U","期街口S&P黃豆","04/10","22.04","+0.14","+0.64","","無","0","0","0","","","","","","","",""
"00694B","富邦美債1-3","04/10","42.03","-0.05","-0.12","26Q2","季","0.256","0","0.256","42.03","2.44","","0","2.44","'26/04/20","","'26/05/15"
"00695B","富邦美債7-10","04/10","35.81","-0.05","-0.14","26Q2","季","0.262","0","0.262","35.81","2.93","","0","2.93","'26/04/20","","'26/05/15"
"00696B","富邦美債20年","04/10","29.63","-0.09","-0.3","26Q2","季","0.275","0","0.275","29.63","3.71","","0","3.71","'26/04/20","","'26/05/15"
"00697B","元大美債7-10","04/10","36.06","-0.05","-0.14","26Q1","季","0.31","0","0.31","36.55","3.39","","0","3.39","'26/03/20","","'26/04/14"
="00700","富邦恒生國企","04/10","17.62","+0.04","+0.23","","無","0","0","0","","","","","","","",""
="00701","國泰股利精選30","04/10","29.32","-0.08","-0.27","26H1","半年","0.7","0","0.7","29.96","4.67","","0","4.67","'26/01/20","","'26/02/12"
="00702","國泰標普低波高息","04/10","23.87","+0.03","+0.13","26H1","半年","0.65","0","0.65","23.98","5.42","","0","5.42","'26/01/20","","'26/02/12"
="00703","台新MSCI中國","04/10","20.54","-0.02","-0.1","","無","0","0","0","","","","","","","",""
"00706L","期元大S&P日圓正2","04/10","19.45","-0.12","-0.61","","無","0","0","0","","","","","","","",""
"00707R","期元大S&P日圓反1","04/10","32.04","+0.07","+0.22","","無","0","0","0","","","","","","","",""
"00708L","期元大S&P黃金正2","04/10","101.35","+1.55","+1.55","","無","0","0","0","","","","","","","",""
="00709","富邦歐洲","04/10","38.33","+0.36","+0.95","","無","0","0","0","","","","","","","",""
"00710B","復華彭博非投等債","04/10","18.99","+0.02","+0.11","26Q1","季","0.3","0","0.3","19.03","6.31","","0","6.31","'26/03/18","","'26/04/15"
"00711B","復華彭博新興債","04/10","16.11","+0.03","+0.19","26Q1","季","0.2","0","0.2","16.28","4.91","","0","4.91","'26/03/18","","'26/04/15"
="00712","復華富時不動產","04/10","8.89","+0.07","+0.79","26Q1","季","0.19","0","0.19","8.99","8.45","","0","8.45","'26/03/18","","'26/04/15"
="00713","元大台灣高息低波","04/10","52.5","+0.1","+0.19","26Q1","季","0.78","0","0.78","52.5","5.94","","0","5.94","'26/03/20","","'26/04/14"
="00714","群益道瓊美國地產","04/10","21.02","+0.12","+0.57","26Q2","季","0.123","0","0.123","21.02","2.34","","0","2.34","'26/04/20","","'26/05/15"
"00715L","期街口布蘭特正2","04/10","48.73","-0.69","-1.4","","無","0","0","0","","","","","","","",""
="00717","富邦美國特別股","04/10","15.01","+0.03","+0.2","26Q2","季","0.141","0","0.141","15.01","3.76","","0","3.76","'26/04/20","","'26/05/15"
"00719B","元大美債1-3","04/10","31.39","+0.02","+0.06","26Q2","季","0.27","0","0.27","31.39","3.44","","0","3.44","'26/04/23","","'26/05/14"
"00720B","元大投資級公司債","04/10","33.66","0","0","26Q2","季","0.48","0","0.48","33.66","5.7","","0","5.7","'26/04/23","","'26/05/14"
"00722B","群益投資級電信債","04/10","36.8","-0.05","-0.14","26Q2","季","0.525","0","0.525","36.8","5.71","","0","5.71","'26/04/20","","'26/05/15"
"00723B","群益投資級科技債","04/10","31.37","-0.09","-0.29","26Q2","季","0.44","0","0.44","31.37","5.61","","0","5.61","'26/04/20","","'26/05/15"
"00724B","群益投資級金融債","04/10","34.34","+0.01","+0.03","26Q2","季","0.49","0","0.49","34.34","5.71","","0","5.71","'26/04/20","","'26/05/15"
"00725B","國泰投資級公司債","04/10","35.7","-0.05","-0.14","26Q2","季","0.49","0","0.49","35.7","5.49","","0","5.49","'26/04/20","","'26/05/15"
"00726B","國泰新興投等債","04/10","33.33","-0.01","-0.03","26Q1","季","0.5","0","0.5","33.77","5.92","","0","5.92","'26/01/27","","'26/02/26"
"00727B","國泰優選非投等債","04/10","40.29","-0.11","-0.27","26Q2","季","0.85","0","0.85","40.29","8.44","","0","8.44","'26/04/20","","'26/05/15"
="00728","第一金工業30","04/10","46.97","+0.37","+0.79","26Q1","季","0.52","0","0.52","46.13","4.51","","0","4.51","'26/03/19","","'26/04/14"
="00730","富邦臺灣優質高息","04/10","23.63","+0.44","+1.9","26M04","月","0.11","0","0.11","23.63","5.59","","0","5.59","'26/04/20","","'26/05/15"
="00731","復華富時高息低波","04/10","71.7","-0.15","-0.21","26Q1","季","0.752","0","0.752","75","4.01","","0","4.01","'26/03/03","","'26/03/27"
="00733","富邦臺灣中小","04/10","61.4","+1.65","+2.76","26H1","半年","0.578","0","0.578","61.4","1.88","","0","1.88","'26/04/20","","'26/05/15"
"00734B","台新JPM新興債","04/10","15.94","0","0","26Q2","季","0.16","0","0.16","15.94","4.02","","0","4.02","'26/04/17","","'26/05/08"
="00735","國泰臺韓科技","04/10","72.9","+1.25","+1.74","26H1","半年","1","0","1","60.3","3.32","","0","3.32","'26/01/20","","'26/02/12"
="00736","國泰新興市場","04/10","29.09","+0.19","+0.66","26H1","半年","0.3","0","0.3","29.21","2.05","","0","2.05","'26/01/20","","'26/02/12"
="00737","國泰AI機器人","04/10","33.06","-0.32","-0.96","","無","0","0","0","","","","","","","",""
"00738U","期元大道瓊白銀","04/10","61.7","+1.45","+2.41","","無","0","0","0","","","","","","","",""
="00739","元大MSCI A股","04/10","27.48","+0.37","+1.36","2025","年","0.9","0","0.9","26.22","3.43","","0","3.43","'25/10/23","","'25/11/14"
"00740B","富邦全球投等債","04/10","39.1","-0.05","-0.13","26M04","月","0.195","0","0.195","39.1","5.98","","0","5.98","'26/04/20","","'26/05/15"
"00741B","富邦全球非投等債","04/10","37.8","-0.12","-0.32","26M04","月","0.199","0","0.199","37.8","6.32","","0","6.32","'26/04/20","","'26/05/15"
"00746B","富邦A級公司債","04/10","36.25","0","0","26Q2","季","0.426","0","0.426","36.25","4.7","","0","4.7","'26/04/20","","'26/05/15"
"00749B","凱基新興債10+","04/10","32.11","-0.01","-0.03","26Q2","季","0.42","0","0.42","32.11","5.23","","0","5.23","'26/04/20","","'26/05/15"
"00750B","凱基科技債10+","04/10","33.64","-0.1","-0.3","26Q2","季","0.4","0","0.4","33.64","4.76","","0","4.76","'26/04/20","","'26/05/15"
"00751B","元大AAA至A公司債","04/10","32.1","-0.04","-0.12","26Q1","季","0.41","0","0.41","32.14","5.1","","0","5.1","'26/03/20","","'26/04/14"
="00752","中信中國50","04/10","24.25","-0.07","-0.29","","無","0","0","0","","","","","","","",""
"00753L","中信中國50正2","04/10","10.66","+0.02","+0.19","","無","0","0","0","","","","","","","",""
"00754B","群益AAA-AA公司債","04/10","34.28","-0.04","-0.12","26Q1","季","0.403","0","0.403","34.66","4.65","","0","4.65","'26/02/26","","'26/03/25"
"00755B","群益投資級公用債","04/10","33.31","+0.01","+0.03","26Q1","季","0.421","0","0.421","33.8","4.98","","0","4.98","'26/02/26","","'26/03/25"
"00756B","群益投等新興公債","04/10","31.75","+0.08","+0.25","26Q1","季","0.485","0","0.485","32.68","5.94","","0","5.94","'26/02/26","","'26/03/25"
="00757","統一FANG+","04/10","111.35","+1.45","+1.32","","無","0","0","0","","","","","","","",""
"00758B","復華能源債","04/10","52.1","-0.1","-0.19","26Q1","季","0.59","0","0.59","52.75","4.47","","0","4.47","'26/03/03","","'26/03/27"
"00759B","復華製藥債","04/10","55.35","+0.15","+0.27","26Q1","季","0.63","0","0.63","56.2","4.48","","0","4.48","'26/03/03","","'26/03/27"
"00760B","復華新興企業債","04/10","54.1","+0.1","+0.19","26Q1","季","0.71","0","0.71","55.65","5.1","","0","5.1","'26/03/03","","'26/03/27"
"00761B","國泰A級公司債","04/10","35.09","-0.04","-0.11","26Q1","季","0.41","0","0.41","35.51","4.62","","0","4.62","'26/02/26","","'26/03/23"
="00762","元大全球AI","04/10","85.6","+0.05","+0.06","","無","0","0","0","","","","","","","",""
"00763U","期街口道瓊銅","04/10","31.33","+0.31","+1","","無","0","0","0","","","","","","","",""
"00764B","群益25年美債","04/10","28.25","-0.12","-0.42","26Q1","季","0.32","0","0.32","28.8","4.44","","0","4.44","'26/03/17","","'26/04/14"
"00768B","復華20年美債","04/10","51.4","-0.15","-0.29","26Q1","季","0.86","0","0.86","53.8","6.39","","0","6.39","'26/03/03","","'26/03/27"
="00770","國泰北美科技","04/10","52.9","+0.15","+0.28","2026","年","4.2","0","4.2","57.95","7.25","","0","7.25","'26/01/20","","'26/02/12"
="00771","元大US高息特別股","04/10","16.09","0","0","26Q1","季","0.21","0","0.21","16.4","5.12","","0","5.12","'26/02/26","","'26/03/20"
"00772B","中信高評級公司債","04/10","34.23","-0.04","-0.12","26M04","月","0.14","0","0.14","34.23","4.91","","0","4.91","'26/04/20","","'26/05/15"
"00773B","中信優先金融債","04/10","36.25","+0.01","+0.03","26M04","月","0.145","0","0.145","36.25","4.8","","0","4.8","'26/04/20","","'26/05/15"
"00775B","新光投等債15+","04/10","32.6","-0.1","-0.31","26Q1","季","0.35","0","0.35","33.41","4.19","","0","4.19","'26/02/25","","'26/03/18"
"00777B","凱基AAA至A公司債","04/10","33.21","0","0","26M04","月","0.14","0","0.14","33.21","5.06","","0","5.06","'26/04/20","","'26/05/15"
"00778B","凱基金融債20+","04/10","34.83","+0.03","+0.09","26M04","月","0.138","0","0.138","34.83","4.75","","0","4.75","'26/04/20","","'26/05/15"
"00779B","凱基美債25+","04/10","28.66","-0.09","-0.31","26Q1","季","0.299","0","0.299","29.19","4.1","","0","4.1","'26/03/17","","'26/04/14"
"00780B","國泰A級金融債","04/10","37.85","-0.03","-0.08","26Q1","季","0.47","0","0.47","38.26","4.91","","0","4.91","'26/02/26","","'26/03/23"
"00781B","國泰A級科技債","04/10","29.02","-0.07","-0.24","26Q1","季","0.45","0","0.45","29.14","6.18","","0","6.18","'26/03/17","","'26/04/14"
"00782B","國泰A級公用債","04/10","31.13","-0.08","-0.26","26Q2","季","0.5","0","0.5","31.13","6.42","","0","6.42","'26/04/20","","'26/05/15"
="00783","富邦中証500","04/10","28.39","+0.41","+1.47","","無","0","0","0","","","","","","","",""
"00785B","富邦金融投等債","04/10","35.54","+0.03","+0.08","26Q2","季","0.434","0","0.434","35.54","4.88","","0","4.88","'26/04/20","","'26/05/15"
"00786B","元大10年IG銀行債","04/10","33.04","+0.13","+0.4","26Q1","季","0.38","0","0.38","33.79","4.5","","0","4.5","'26/02/26","","'26/03/20"
"00787B","元大10年IG醫療債","04/10","32.97","-0.01","-0.03","26Q1","季","0.41","0","0.41","33.05","4.96","","0","4.96","'26/03/20","","'26/04/14"
"00788B","元大10年IG電能債","04/10","30.47","+0.01","+0.03","26Q2","季","0.37","0","0.37","30.47","4.86","","0","4.86","'26/04/23","","'26/05/14"
"00789B","復華公司債A3","04/10","49.47","-0.04","-0.08","26Q2","季","0.65","0","0.65","49.47","5.26","","0","5.26","'26/04/21","","'26/05/18"
"00791B","復華信用債1-5","04/10","57.35","-0.1","-0.17","26Q2","季","0.6","0","0.6","57.35","4.18","","0","4.18","'26/04/21","","'26/05/18"
"00792B","群益A級公司債","04/10","32.1","+0.01","+0.03","26Q1","季","0.425","0","0.425","32.06","5.3","","0","5.3","'26/03/17","","'26/04/14"
"00793B","群益AAA-A醫療債","04/10","31.15","-0.02","-0.06","26Q1","季","0.395","0","0.395","31.16","5.07","","0","5.07","'26/03/17","","'26/04/14"
"00795B","中信美國公債20年","04/10","27.46","-0.09","-0.33","26Q1","季","0.26","0","0.26","28.06","3.71","","0","3.71","'26/02/26","","'26/03/25"
"00799B","國泰A級醫療債","04/10","30.2","-0.04","-0.13","26Q1","季","0.55","0","0.55","30.88","7.12","","0","7.12","'26/02/26","","'26/03/23"
="00830","國泰費城半導體","04/10","61.15","+1.8","+3.03","2026","年","9","0","9","64.9","13.9","","0","13.9","'26/01/20","","'26/02/12"
"00834B","第一金金融債10+","04/10","34.63","-0.06","-0.17","26Q2","季","0.372","0","0.372","34.63","4.3","","0","4.3","'26/04/22","","'26/05/15"
"00836B","永豐10年A公司債","04/10","29.13","+0.02","+0.07","26Q1","季","0.375","0","0.375","29.36","5.11","","0","5.11","'26/03/23","","'26/04/20"
"00840B","凱基IG精選15+","04/10","30.43","-0.07","-0.23","26M04","月","0.12","0","0.12","30.43","4.73","","0","4.73","'26/04/20","","'26/05/15"
"00841B","凱基AAA-AA公司債","04/10","29.65","0","0","26Q1","季","0.34","0","0.34","30.21","4.5","","0","4.5","'26/02/26","","'26/03/25"
"00842B","台新美元銀行債","04/10","31.39","-0.15","-0.48","26Q2","季","0.8","0","0.8","31.39","10.2","","0","10.2","'26/04/17","","'26/05/08"
"00844B","新光15年IG金融債","04/10","31.97","-0.08","-0.25","26Q1","季","0.33","0","0.33","32.89","4.01","","0","4.01","'26/02/25","","'26/03/18"
"00845B","富邦新興投等債","04/10","33.59","+0.05","+0.15","26Q1","季","0.379","0","0.379","34.22","4.43","","0","4.43","'26/02/25","","'26/03/20"
"00846B","富邦歐洲銀行債","04/10","36.32","-0.07","-0.19","26Q1","季","0.447","0","0.447","37.01","4.83","","0","4.83","'26/02/25","","'26/03/20"
"00847B","中信美國市政債","04/10","26.1","-0.04","-0.15","26Q1","季","0.35","0","0.35","26.69","5.25","","0","5.25","'26/02/26","","'26/03/25"
"00848B","中信新興亞洲債","04/10","34.78","-0.06","-0.17","26Q2","季","0.37","0","0.37","34.78","4.26","","0","4.26","'26/04/20","","'26/05/15"
"00849B","中信EM主權債0-5","04/10","37.58","-0.07","-0.19","26Q2","季","0.33","0","0.33","37.58","3.51","","0","3.51","'26/04/20","","'26/05/15"
="00850","元大臺灣ESG永續","04/10","66.8","+0.9","+1.37","26Q1","季","0.8","0","0.8","67.2","4.76","","0","4.76","'26/02/26","","'26/03/20"
="00851","台新全球AI","04/10","56.95","+0.3","+0.53","2025","年","1.7","0","1.7","56","3.04","","0","3.04","'25/10/17","","'25/11/07"
"00852L","國泰美國道瓊正2","04/10","29.89","+0.32","+1.08","","無","0","0","0","","","","","","","",""
"00853B","統一美債10年Aa-A","04/10","28.09","-0.01","-0.04","26Q1","季","0.347","0","0.347","28.03","4.95","","0","4.95","'26/03/17","","'26/04/10"
"00856B","永豐1-3年美公債","04/10","37.81","-0.05","-0.13","26Q1","季","0.335","0","0.335","38.3","3.5","","0","3.5","'26/03/23","","'26/04/20"
"00857B","永豐20年美公債","04/10","23.55","-0.09","-0.38","26Q1","季","0.25","0","0.25","24.03","4.16","","0","4.16","'26/03/23","","'26/04/20"
="00858","永豐美國500大","04/10","32.69","+0.21","+0.65","26H1","半年","1.4","0","1.4","34.14","8.2","","0","8.2","'26/01/20","","'26/02/13"
"00859B","群益0-1年美債","04/10","41.13","-0.06","-0.15","26Q1","季","0.614","0","0.614","42.02","5.84","","0","5.84","'26/03/17","","'26/04/14"
"00860B","群益1-5Y投資級債","04/10","38.32","-0.09","-0.23","26Q1","季","0.42","0","0.42","38.35","4.38","","0","4.38","'26/02/26","","'26/03/25"
="00861","元大全球未來通訊","04/10","69.65","+1.3","+1.9","","無","0","0","0","","","","","","","",""
"00862B","中信投資級公司債","04/10","31.94","-0.05","-0.16","26Q1","季","0.42","0","0.42","31.96","5.26","","0","5.26","'26/03/17","","'26/04/14"
"00863B","中信全球電信債","04/10","32.49","-0.03","-0.09","26Q1","季","0.38","0","0.38","32.53","4.67","","0","4.67","'26/03/17","","'26/04/14"
"00864B","中信美國公債0-1","04/10","46.51","-0.05","-0.11","26Q1","季","0.56","0","0.56","46.3","4.84","","0","4.84","'26/02/26","","'26/03/25"
"00865B","國泰US短期公債","04/10","48.09","-0.12","-0.25","","無","0","0","0","","","","","","","",""
"00867B","新光A-BBB電信債","04/10","31.74","-0.09","-0.28","26Q1","季","0.37","0","0.37","32.3","4.58","","0","4.58","'26/02/25","","'26/03/18"
"00870B","元大15年EM主權債","04/10","28.87","+0.03","+0.1","26Q2","季","0.38","0","0.38","28.87","5.26","","0","5.26","'26/04/23","","'26/05/14"
="00875","國泰網路資安","04/10","38.23","-1.33","-3.36","","無","0","0","0","","","","","","","",""
="00876","元大全球5G","04/10","69.2","+1.8","+2.67","","無","0","0","0","","","","","","","",""
="00877","復華中國5G","04/10","31.1","+0.99","+3.29","","無","0","0","0","","","","","","","",""
="00878","國泰永續高股息","04/10","23.02","+0.12","+0.52","26Q1","季","0.42","0","0.42","24","7","","0","7","'26/02/26","","'26/03/23"
="00881","國泰台灣科技龍頭","04/10","40.13","+1","+2.56","26H1","半年","2.65","0","2.65","35.87","14.8","","0","14.8","'26/01/20","","'26/02/12"
="00882","中信中國高股息","04/10","15.81","+0.07","+0.44","26H1","半年","0.45","0","0.45","15.46","5.82","","0","5.82","'26/01/19","","'26/02/23"
"00883B","中信ESG投資級債","04/10","31.26","-0.07","-0.22","26M02","月","0.12","0","0.12","31.45","4.58","","0","4.58","'26/02/26","","'26/03/25"
"00884B","中信低碳新興債","04/10","30.1","-0.01","-0.03","26Q2","季","0.36","0","0.36","30.1","4.78","","0","4.78","'26/04/20","","'26/05/15"
="00885","富邦越南","04/10","18.11","+0.08","+0.44","","無","0","0","0","","","","","","","",""
="00886","永豐美國科技","04/10","35.88","+0.42","+1.18","","無","0","0","0","","","","","","","",""
="00887","永豐中國科技50大","04/10","13.2","+0.3","+2.33","","無","0","0","0","","","","","","","",""
="00888","永豐台灣ESG","04/10","24.66","+0.41","+1.69","26Q2","季","1.05","0","1.05","24.66","17","","0","17","'26/04/23","","'26/05/20"
"00890B","凱基ESGBBB債15+","04/10","32.68","-0.04","-0.12","26M04","月","0.15","0","0.15","32.68","5.51","","0","5.51","'26/04/20","","'26/05/15"
="00891","中信關鍵半導體","04/10","25.83","+0.41","+1.61","26Q1","季","0.75","0","0.75","25.92","11.6","","0","11.6","'26/02/26","","'26/03/25"
="00892","富邦台灣半導體","04/10","31.9","+0.56","+1.79","25H2","半年","0.276","0","0.276","20.65","2.67","","0","2.67","'25/11/18","","'25/12/11"
="00893","國泰智能電動車","04/10","35.24","+0.51","+1.47","","無","0","0","0","","","","","","","",""
="00894","中信小資高價30","04/10","37.4","+1.04","+2.86","26Q1","季","0.4","0","0.4","34.18","4.68","","0","4.68","'26/02/26","","'26/03/25"
="00895","富邦未來車","04/10","41.05","+0.51","+1.26","","無","0","0","0","","","","","","","",""
="00896","中信綠能及電動車","04/10","22.27","+0.25","+1.14","26Q1","季","0.7","0","0.7","21.85","12.8","","0","12.8","'26/03/17","","'26/04/14"
="00897","富邦基因免疫生技","04/10","9.85","+0.03","+0.31","","無","0","0","0","","","","","","","",""
="00898","國泰基因免疫革命","04/10","8.25","-0.03","-0.36","","無","0","0","0","","","","","","","",""
="00899","FT潔淨能源","04/10","24.04","+0.13","+0.54","","無","0","0","0","","","","","","","",""
="00900","富邦特選高股息30","04/10","14.36","+0.11","+0.77","26M04","月","0.075","0","0.075","14.36","6.27","","0","6.27","'26/04/20","","'26/05/15"
="00901","永豐智能車供應鏈","04/10","31.93","+0.83","+2.67","2025","年","2.6","0","2.6","26.26","9.9","","0","9.9","'25/11/25","","'25/12/19"
="00902","中信電池及儲能","04/10","14.84","+0.31","+2.13","","無","0","0","0","","","","","","","",""
="00903","富邦元宇宙","04/10","16.32","+0.11","+0.68","2025","年","0","0","0","","0","","0","0","","",""
="00904","新光臺灣半導體30","04/10","30.36","+0.47","+1.57","26Q2","季","0.68","0","0.68","30.36","8.96","","0","8.96","'26/04/17","","'26/05/08"
="00905","FT臺灣Smart","04/10","21.01","+0.35","+1.69","26Q2","季","0.6","0","0.6","21.01","11.4","","0","11.4","'26/04/20","","'26/05/14"
="00907","永豐優息存股","04/10","14.75","-0.02","-0.14","26M04","雙月","0.2","0","0.2","14.75","8.14","","0","8.14","'26/04/23","","'26/05/20"
="00908","富邦入息REITs+","04/10","13.91","-0.02","-0.14","26Q2","季","0.121","0","0.121","13.91","3.48","","0","3.48","'26/04/20","","'26/05/15"
="00909","國泰數位支付服務","04/10","39.99","+0.35","+0.88","2026","年","2.75","0","2.75","39.99","6.88","","0","6.88","'26/04/20","","'26/05/15"
="00910","第一金太空衛星","04/10","65.7","-0.35","-0.53","","無","0","0","0","","","","","","","",""
="00911","兆豐洲際半導體","04/10","39.7","+0.91","+2.35","26H1","半年","1","0","1","37.2","5.38","","0","5.38","'26/01/19","","'26/02/05"
="00912","中信臺灣智慧50","04/10","26.25","+0.47","+1.82","26Q2","季","0.75","0","0.75","26.25","11.4","","0","11.4","'26/04/20","","'26/05/15"
="00913","兆豐台灣晶圓製造","04/10","32.12","+0.66","+2.1","26H1","半年","1.6","0","1.6","33","9.7","","0","9.7","'26/02/26","","'26/03/18"
="00915","凱基優選高股息30","04/10","23.68","-0.02","-0.08","26Q1","季","0.38","0","0.38","23.66","6.42","","0","6.42","'26/03/17","","'26/04/14"
="00916","國泰全球品牌50","04/10","25.82","+0.24","+0.94","2025","年","0.25","0","0.25","22.81","1.1","","0","1.1","'25/06/17","","'25/07/11"
="00917","中信特選金融","04/10","21.47","+0.04","+0.19","2026","年","3.5","0","3.5","31.8","11","","0","11","'26/01/19","","'26/02/23"
="00918","大華優利高填息30","04/10","22.66","+0.14","+0.62","26Q1","季","0.62","0","0.62","23.68","10.5","","0","10.5","'26/03/19","","'26/04/14"
="00919","群益台灣精選高息","04/10","22.93","+0.07","+0.31","26Q1","季","0.78","0","0.78","23.91","13","","0","13","'26/03/17","","'26/04/14"
="00920","富邦ESG綠色電力","04/10","23.32","+0.61","+2.69","2025","年","0.206","0","0.206","12.68","1.62","","0","1.62","'25/01/17","","'25/02/18"
="00921","兆豐龍頭等權重","04/10","19.16","+0.15","+0.79","26Q1","季","0.27","0","0.27","19.01","5.68","","0","5.68","'26/03/17","","'26/04/07"
="00922","國泰台灣領袖50","04/10","29.9","+0.55","+1.87","26H1","半年","2","0","2","30.81","13","","0","13","'26/03/17","","'26/04/14"
="00923","群益台ESG低碳50","04/10","30.9","+0.59","+1.95","26H1","半年","1.71","0","1.71","32.49","10.5","","0","10.5","'26/02/26","","'26/03/25"
="00924","復華S&P500成長","04/10","28.49","+0.26","+0.92","","無","0","0","0","","","","","","","",""
="00926","凱基全球菁英55","04/10","23.41","+0.13","+0.56","2025","年","1.47","0","1.47","24.52","6","","0","6","'25/12/16","","'26/01/13"
="00927","群益半導體收益","04/10","26.11","+0.55","+2.15","26Q2","季","0.94","0","0.94","26.11","14.4","","0","14.4","'26/04/20","","'26/05/15"
="00928","中信上櫃ESG30","04/10","27.31","+0.62","+2.32","26H1","半年","0.5","0","0.5","21.21","4.71","","0","4.71","'26/01/19","","'26/02/23"
="00929","復華台灣科技優息","04/10","20.01","+0.36","+1.83","26M04","月","0.13","0","0.13","20.01","7.8","","0","7.8","'26/04/21","","'26/05/18"
="00930","永豐ESG低碳高息","04/10","17.66","+0.15","+0.86","26M03","雙月","0.15","0","0.15","17.77","5.06","","0","5.06","'26/03/23","","'26/04/20"
"00931B","統一美債20年","04/10","13.77","-0.05","-0.36","26Q2","季","0.121","0","0.121","13.77","3.51","","0","3.51","'26/04/20","","'26/05/13"
="00932","兆豐永續高息等權","04/10","15.1","+0.1","+0.67","26Q1","季","0.22","0","0.22","15.18","5.8","","0","5.8","'26/02/26","","'26/03/18"
"00933B","國泰10Y+金融債","04/10","16.2","0","0","26M04","月","0.072","0","0.072","16.2","5.33","","0","5.33","'26/04/20","","'26/05/15"
="00934","中信成長高股息","04/10","21.81","+0.29","+1.35","26M04","月","0.143","0","0.143","21.81","7.87","","0","7.87","'26/04/20","","'26/05/15"
="00935","野村臺灣新科技50","04/10","41.13","+1.03","+2.57","26H1","半年","1.2","0","1.2","38.06","6.31","","0","6.31","'26/03/17","","'26/04/14"
="00936","台新永續高息中小","04/10","17.96","+0.01","+0.06","26M04","月","0.1","0","0.1","17.96","6.68","","0","6.68","'26/04/17","","'26/05/08"
"00937B","群益ESG投等債20+","04/10","14.99","-0.03","-0.2","26M04","月","0.072","0","0.072","14.99","5.76","","0","5.76","'26/04/20","","'26/05/15"
="00938","凱基優選30","04/10","19.27","+0.13","+0.68","26Q1","季","0.2","0","0.2","19.7","4.06","","0","4.06","'26/02/26","","'26/03/25"
="00939","統一台灣高息動能","04/10","16.05","+0.13","+0.82","26M03","月","0.072","0","0.072","15.32","5.64","","0","5.64","'26/03/31","","'26/04/24"
="00940","元大台灣價值高息","04/10","9.84","+0.05","+0.51","26M04","月","0.045","0","0.045","9.82","5.5","","0","5.5","'26/04/09","","'26/05/04"
="00941","中信上游半導體","04/10","23.6","+0.48","+2.08","","無","0","0","0","","","","","","","",""
"00942B","台新美A公司債20+","04/10","14.54","-0.03","-0.21","26M04","月","0.062","0","0.062","14.54","5.12","","0","5.12","'26/04/17","","'26/05/08"
="00943","兆豐電子高息等權","04/10","16.16","+0.19","+1.19","26M04","月","0.071","0","0.071","16.16","5.27","","0","5.27","'26/04/20","","'26/05/08"
="00944","野村趨勢動能高息","04/10","16.21","+0.29","+1.82","26M04","月","0.054","0","0.054","16.21","4","","0","4","'26/04/20","","'26/05/15"
"00945B","凱基美國非投等債","04/10","14.61","-0.01","-0.07","26M04","月","0.087","0","0.087","14.61","7.15","","0","7.15","'26/04/20","","'26/05/15"
="00946","群益科技高息成長","04/10","10.57","+0.14","+1.34","26M04","月","0.058","0","0.058","10.11","6.88","","0","6.88","'26/04/02","","'26/04/30"
="00947","台新臺灣IC設計","04/10","24.75","+0.53","+2.19","26Q2","季","0.12","0","0.12","24.75","1.94","","0","1.94","'26/04/17","","'26/05/08"
"00948B","中信優息投資級債","04/10","9.57","-0.01","-0.1","26M04","月","0.042","0","0.042","9.57","5.27","","0","5.27","'26/04/20","","'26/05/15"
="00949","復華日本龍頭","04/10","19.82","-0.04","-0.2","2025","年","0","0","0","","0","","0","0","","",""
"00950B","凱基A級公司債","04/10","14.26","-0.01","-0.07","26M04","月","0.065","0","0.065","14.24","5.48","","0","5.48","'26/04/01","","'26/04/27"
="00951","台新日本半導體","04/10","14.67","+0.46","+3.24","2025","年","0.16","0","0.16","11.04","1.45","","0","1.45","'25/11/17","","'25/12/05"
="00952","凱基台灣AI50","04/10","14.03","+0.32","+2.33","26M04","月","0.05","0","0.05","14.03","4.28","","0","4.28","'26/04/20","","'26/05/15"
"00953B","群益優選非投等債","04/10","9.68","0","0","26M04","月","0.061","0","0.061","9.69","7.55","","0","7.55","'26/04/02","","'26/04/30"
="00954","中信日本半導體","04/10","15.59","+0.45","+2.97","2025","年","0","0","0","","0","","0","0","","",""
="00955","中信日本商社","04/10","16.04","-0.2","-1.23","2025","年","0","0","0","","0","","0","0","","",""
="00956","中信日經高股息","04/10","12.55","-0.05","-0.4","26Q2","季","0.2","0","0.2","12.55","6.37","","0","6.37","'26/04/20","","'26/05/15"
"00957B","兆豐US優選投等債","04/10","13.67","-0.01","-0.07","26M04","月","0.063","0","0.063","13.67","5.53","","0","5.53","'26/04/20","","'26/05/08"
"00958B","永豐ESG銀行債15+","04/10","9.35","-0.01","-0.11","26M04","月","0.044","0","0.044","9.35","5.65","","0","5.65","'26/04/23","","'26/05/20"
"00959B","大華投等美債15Y+","04/10","9.44","-0.01","-0.11","26M04","月","0.048","0","0.048","9.43","6.11","","0","6.11","'26/04/01","","'26/04/24"
="00960","野村全球航運龍頭","04/10","17.78","-0.09","-0.5","26Q2","季","0.225","0","0.225","17.78","5.06","","0","5.06","'26/04/20","","'26/05/15"
="00961","FT臺灣永續高息","04/10","10.07","0","0","26M04","月","0.049","0","0.049","10.07","5.84","","0","5.84","'26/04/20","","'26/05/14"
="00962","台新AI優息動能","04/10","11.31","+0.17","+1.53","26M04","月","0.05","0","0.05","11.31","5.31","","0","5.31","'26/04/17","","'26/05/08"
="00963","中信全球高股息","04/10","12.76","+0.01","+0.08","26M04","月","0.045","0","0.045","12.76","4.23","","0","4.23","'26/04/20","","'26/05/15"
="00964","中信亞太高股息","04/10","13.71","+0.04","+0.29","26M04","月","0.1","0","0.1","13.71","8.75","","0","8.75","'26/04/20","","'26/05/15"
="00965","元大航太防衛科技","04/10","25.76","+0.13","+0.51","2025","年","0","0","0","","0","","0","0","","",""
"00966B","統一ESG投等債15+","04/10","14.06","-0.03","-0.21","26M03","月","0.068","0","0.068","13.9","5.87","","0","5.87","'26/03/31","","'26/04/24"
"00967B","元大優息美債","04/10","9.28","-0.03","-0.32","26M04","月","0.033","0","0.033","9.28","4.27","","0","4.27","'26/04/23","","'26/05/14"
"00968B","元大優息投等債","04/10","9.37","-0.01","-0.11","26M04","月","0.043","0","0.043","9.37","5.51","","0","5.51","'26/04/23","","'26/05/14"
"00969B","元大零息超長美債","04/10","8.48","-0.06","-0.7","2025","年","0","0","0","","0","","0","0","","",""
"00970B","新光BBB投等債20+","04/10","9.47","-0.02","-0.21","26M04","月","0.052","0","0.052","9.47","6.59","","0","6.59","'26/04/17","","'26/05/08"
="00971","野村美國研發龍頭","04/10","15.25","+0.1","+0.66","2025","年","1","0","1","16.9","5.92","","0","5.92","'25/12/16","","'26/01/13"
="00972","野村日本動能高息","04/10","19.28","-0.15","-0.77","26Q1","季","0.27","0","0.27","18.92","5.71","","0","5.71","'26/03/17","","'26/04/14"
="009800","中信NASDAQ","04/10","11.06","+0.07","+0.64","","","","","","","","","","","","",""
="009801","中信美國創新科技","04/10","10.65","+0.04","+0.38","","","","","","","","","","","","",""
="009802","富邦旗艦50","04/10","13.25","+0.18","+1.38","26Q1","季","0.092","0","0.092","12.88","2.86","","0","2.86","'26/03/17","","'26/04/13"
="009803","保德信市值動能50","04/10","16.57","+0.33","+2.03","26Q1","季","0.25","0","0.25","15.53","6.44","","0","6.44","'26/03/17","","'26/04/09"
="009804","聯邦台精彩50","04/10","17.86","+0.28","+1.59","26H1","半年","0.876","0","0.876","17.86","9.81","","0","9.81","'26/04/20","","'26/05/14"
="009805","新光美國電力基建","04/10","15.96","+0.37","+2.37","","","","","","","","","","","","",""
="009806","台新標普500","04/10","11.96","+0.08","+0.67","","","","","","","","","","","","",""
="009807","台新標普科技精選","04/10","12.75","+0.02","+0.16","","","","","","","","","","","","",""
="009808","華南永昌優選50","04/10","23.37","+0.34","+1.48","26Q1","季","0.481","0","0.481","24.03","8.01","","0","8.01","'26/02/26","","'26/03/18"
="009809","富邦淨零ESG50","04/10","13.04","+0.18","+1.4","","","","","","","","","","","","",""
"00980A","主動野村臺灣優選","04/10","18.79","+0.31","+1.68","26Q1","季","0.368","0","0.368","17.9","8.22","","0","8.22","'26/02/26","","'26/03/26"
"00980B","台新特選IG債10+","04/10","9.58","-0.01","-0.1","26M04","月","0.047","0","0.047","9.58","5.89","","0","5.89","'26/04/17","","'26/05/08"
"00980D","主動聯博投等入息","04/10","20.59","0","0","26M04","月","0.114","0","0.114","20.59","6.64","","0","6.64","'26/04/20","","'26/05/13"
"00980T","平衡凱基美國TOP","04/10","10.55","+0.09","+0.86","","","","","","","","","","","","",""
="009810","保德信全球藍籌","04/10","18.71","+0.13","+0.7","","","","","","","","","","","","",""
="009811","統一美國50","04/10","11.47","+0.13","+1.15","","","","","","","","","","","","",""
="009812","野村日本東證","04/10","11.73","-0.05","-0.42","","","","","","","","","","","","",""
="009813","貝萊德標普卓越50","04/10","10.19","+0.07","+0.69","","","","","","","","","","","","",""
="009814","富邦標普500","04/10","10.05","+0.04","+0.4","","","","","","","","","","","","",""
="009815","大華美國MAG7+","04/10","9.66","+0.11","+1.15","","","","","","","","","","","","",""
="009816","凱基台灣TOP50","04/10","11.4","+0.21","+1.88","","","","","","","","","","","","",""
="009817","國泰日本不動產","04/10","9.43","-0.08","-0.84","","","","","","","","","","","","",""
="009818","華南永昌NASDAQxT","04/10","15.52","+0.2","+1.31","","","","","","","","","","","","",""
"00981A","主動統一台股增長","04/10","23.13","+0.55","+2.44","26Q1","季","0.41","0","0.41","20.27","8.09","","0","8.09","'26/03/17","","'26/04/10"
"00981B","第一金優選非投債","04/10","9.38","0","0","26M04","月","0.063","0","0.063","9.38","8.06","","0","8.06","'26/04/22","","'26/05/15"
"00981D","主動中信非投等債","04/10","10.45","+0.02","+0.19","26M04","月","0.07","0","0.07","10.45","8.04","","0","8.04","'26/04/20","","'26/05/15"
"00981T","平衡凱基雙核收息","04/10","11.31","+0.05","+0.44","26M04","月","0.057","0","0.057","11.31","6.05","","0","6.05","'26/04/20","","'26/05/15"
"00982A","主動群益台灣強棒","04/10","18.14","+0.58","+3.3","26Q1","季","0.377","0","0.377","16.76","9","","0","9","'26/02/26","","'26/03/25"
"00982B","FT投資級債20+","04/10","9.96","+0.01","+0.1","26M04","月","0.042","0","0.042","9.96","5.06","","0","5.06","'26/04/20","","'26/05/14"
"00982D","主動富邦動態入息","04/10","10.08","-0.01","-0.1","26M04","月","0.052","0","0.052","10.08","6.19","","0","6.19","'26/04/20","","'26/05/15"
"00982T","平衡兆豐台美動能","04/10","11.51","+0.1","+0.88","","","","","","","","","","","","",""
"00983A","主動中信ARK創新","04/10","10.56","-0.16","-1.49","","","","","","","","","","","","",""
"00983B","大華優利美公債20","04/10","15.93","-0.05","-0.31","26M04","月","0.064","0","0.064","16.15","4.76","","0","4.76","'26/04/01","","'26/04/24"
"00983D","主動富邦複合收益","04/10","10.26","0","0","26M04","月","0.06","0","0.06","10.26","7.02","","0","7.02","'26/04/20","","'26/05/15"
"00984A","主動安聯台灣高息","04/10","13.35","+0.15","+1.14","26Q2","季","0.268","0","0.268","13.35","8.03","","0","8.03","'26/04/20","","'26/05/15"
"00984B","大華優利美A債15","04/10","16.56","-0.03","-0.18","26M04","月","0.081","0","0.081","16.51","5.89","","0","5.89","'26/04/01","","'26/04/24"
"00984D","主動聯博全球非投","04/10","10.07","+0.04","+0.4","","","","","","","","","","","","",""
"00985A","主動野村台灣50","04/10","17.17","+0.37","+2.2","","","","","","","","","","","","",""
"00985B","群益ESG投等債0-5","04/10","10.28","-0.01","-0.1","26M04","月","0.048","0","0.048","10.35","5.57","","0","5.57","'26/04/02","","'26/04/30"
"00985D","主動貝萊德優投等","04/10","10.22","+0.01","+0.1","","","","","","","","","","","","",""
"00986A","主動台新龍頭成長","04/10","12.74","+0.14","+1.11","","","","","","","","","","","","",""
"00986B","FT金融債10+","04/10","10","-0.01","-0.1","26M03","月","0.043","0","0.043","9.9","5.21","","0","5.21","'26/03/31","","'26/04/23"
"00987A","主動台新優勢成長","04/10","13.96","+0.41","+3.03","","","","","","","","","","","","",""
"00987B","野村10+澳洲公債","04/10","15.75","0","0","","","","","","","","","","","","",""
"00988A","主動統一全球創新","04/10","14.98","+0.55","+3.81","","","","","","","","","","","","",""
"00988B","玉山嚴選非投債","04/10","20.06","+0.05","+0.25","","","","","","","","","","","","",""
"00989A","主動摩根美國科技","04/10","14.27","-0.03","-0.21","","","","","","","","","","","","",""
"00989B","台新美國非投等債","04/10","10.05","0","0","","","","","","","","","","","","",""
"00990A","主動元大AI新經濟","04/10","14.01","+0.5","+3.7","","","","","","","","","","","","",""
"00991A","主動復華未來50","04/10","13.89","+0.42","+3.12","","","","","","","","","","","","",""
"00992A","主動群益科技創新","04/10","14.91","+0.45","+3.11","","","","","","","","","","","","",""
"00993A","主動安聯台灣","04/10","11.52","+0.18","+1.59","","","","","","","","","","","","",""
"00994A","主動第一金台股優","04/10","14.09","+0.4","+2.92","","","","","","","","","","","","",""
"00995A","主動中信台灣卓越","04/10","13.3","+0.28","+2.15","","","","","","","","","","","","",""
"00996A","主動兆豐台灣豐收","04/10","10.8","+0.23","+2.18","","","","","","","","","","","","",""
